"","hgm","WP","MP","PP","NP","Total","EPLI"
"1","Total",9,9,39,25,82,0.341463414634146
"2","Unchannelled valley-bottom",0,2,11,7,20,0.25
"3","Seep",2,4,7,8,21,0.333333333333333
"4","Floodplain",2,1,10,6,19,0.315789473684211
"5","Depression",5,2,11,4,22,0.454545454545455
