"","hgm_simple","WP","MP","PP","NP","Total","EPLI"
"1","Total",18,11,43,111,183,0.216757741347905
"2","Floodplain",3,2,5,19,29,0.206896551724138
"3","Valley-bottom",10,4,25,58,97,0.216494845360825
"4","Depression",0,0,0,2,2,0
"5","Seep",5,5,13,32,55,0.23030303030303
