"","hgm_simple","WP","MP","PP","NP","Total","EPLI"
"1","Total",7,13,29,51,100,0.253333333333333
"2","Floodplain",1,5,6,13,25,0.253333333333333
"3","Valley-bottom",2,2,13,13,30,0.255555555555556
"4","Depression",2,1,1,10,14,0.214285714285714
"5","Seep",2,5,9,15,31,0.268817204301075
