"","hgm","WP","MP","PP","NP","Total","EPLI"
"1","Total",10,11,32,27,80,0.35
"2","Unchannelled valley-bottom",0,4,9,6,19,0.298245614035088
"3","Seep",3,3,5,9,20,0.333333333333333
"4","Floodplain",2,1,9,7,19,0.298245614035088
"5","Depression",5,3,9,5,22,0.454545454545455
