"","hgm_simple","WP","MP","PP","NP","Total","EPLI"
"1","Total",7,9,29,55,100,0.226666666666667
"2","Floodplain",1,4,5,15,25,0.213333333333333
"3","Valley-bottom",2,1,13,14,30,0.233333333333333
"4","Depression",2,0,1,11,14,0.166666666666667
"5","Seep",2,4,10,15,31,0.258064516129032
