"","hgm_simple","WP","MP","PP","NP","Total","EPLI"
"1","Total",8,9,29,54,100,0.236666666666667
"2","Floodplain",1,3,5,16,25,0.186666666666667
"3","Valley-bottom",3,1,12,14,30,0.255555555555556
"4","Depression",2,1,2,9,14,0.238095238095238
"5","Seep",2,4,10,15,31,0.258064516129032
