"","hgm","WP","MP","PP","NP","Total","EPLI"
"1","Total",4,14,42,21,81,0.337448559670782
"2","Unchannelled valley-bottom",0,4,11,5,20,0.316666666666667
"3","Seep",2,4,8,6,20,0.366666666666667
"4","Floodplain",2,1,12,4,19,0.350877192982456
"5","Depression",0,5,11,6,22,0.318181818181818
