"","hgm","WP","MP","PP","NP","Total","EPLI"
"1","Total",10,11,40,19,80,0.383333333333333
"2","Unchannelled valley-bottom",0,5,9,5,19,0.333333333333333
"3","Seep",3,3,8,6,20,0.383333333333333
"4","Floodplain",2,1,12,4,19,0.350877192982456
"5","Depression",5,2,11,4,22,0.454545454545455
