"","hgm","WP","MP","PP","NP","Total","EPLI"
"1","Total",9,10,41,22,82,0.357723577235772
"2","Unchannelled valley-bottom",0,3,11,6,20,0.283333333333333
"3","Seep",2,4,8,7,21,0.349206349206349
"4","Floodplain",2,1,10,6,19,0.315789473684211
"5","Depression",5,2,12,3,22,0.46969696969697
